{"一层":{"BoundingBox":{"Max":{"X":25750,"Y":27110,"Z":4290},"Min":{"X":-11050,"Y":-500,"Z":-1150}},"id":"713262"},"三层":{"BoundingBox":{"Max":{"X":27050.0234375,"Y":27000,"Z":12690},"Min":{"X":-500,"Y":-500,"Z":7550}},"id":"713355"},"二层":{"BoundingBox":{"Max":{"X":25750,"Y":25700,"Z":8490},"Min":{"X":-500,"Y":-500,"Z":3350}},"id":"713311"},"五层":{"BoundingBox":{"Max":{"X":20850.03515625,"Y":20850.013671875,"Z":20350},"Min":{"X":4350,"Y":4350,"Z":15250}},"id":"952707"},"四层":{"BoundingBox":{"Max":{"X":25550.146484375,"Y":25499.888671875,"Z":15550},"Min":{"X":-350,"Y":-300,"Z":11650}},"id":"713421"},"地下室":{"BoundingBox":{"Max":{"X":25550,"Y":27700.029296875,"Z":-49.97021484375},"Min":{"X":-11050,"Y":-500.00009155273438,"Z":-5750}},"id":"874164"},"屋顶":{"BoundingBox":{"Max":{"X":20640,"Y":15357,"Z":20250.037109375},"Min":{"X":4455,"Y":4560,"Z":19850}},"id":"936877"}}
