{"grids":[{"id":702625,"name":"Q","start":{"z":0.0,"y":0.0,"x":33358.976757474775},"end":{"z":0.0,"y":0.0,"x":-6557.00442726554},"minZ":-6054.7997575094068,"maxZ":17788.399287586763},{"id":702635,"name":"5","start":{"z":0.0,"y":34040.2484239436,"x":0.0},"end":{"z":0.0,"y":-6756.0473134626418,"x":0.0},"minZ":-6054.7997575094068,"maxZ":17788.399287586763}]}
